"TaskID","Week","WeekLabel","Phase","Priority","Status","Category","Title","Description","Files","DependsOn","EstimatedHours","Notes"
"FIX-001","2","P0 Crash Fixes","P0","Critical","TODO","TickBus","Make InProcessTickBus.Publish non-blocking with drop counter","CRASH CAUSE. InProcessTickBus.Publish iterates all subscriber channels and blocks on `case ch <- tick` when any subscriber channel is full. Under simulationSpeedMultiplier>=8 the CandleGenerator subscriber falls behind (9-interval processing under engine lock) causing the channel to fill in seconds. Publisher blocks, goroutines stack, OOM crash.\n\nFIX: Replace the blocking select with a non-blocking select + default drop:\n  select {\n  case ch <- tick:\n  default:\n      atomic.AddUint64(&b.droppedTicks, 1)\n      // optional: log at WARN once per second via rate-limiter\n  }\n\nAlso fix the RLock-while-blocking issue: copy the subscribers slice under RLock first, release the lock, THEN iterate and send. This prevents Subscribe() from deadlocking while Publish() is stalled.\n\nAdd `droppedTicks uint64` field to InProcessTickBus. Expose via a Stats() method. Hook into the existing monitoring log every 5s.","internal/marketdata/tickbus/inprocess.go","","3","Root cause of all high-speed simulation crashes. Fix this first."
"FIX-002","2","P0 Crash Fixes","P0","Critical","TODO","CandleEngine","Remove duplicate StartCandleDBWriter goroutine launch from app.go","DOUBLE GOROUTINE BUG. Two goroutines drain the same `candleDBFlushCh`:\n  1. app.go:135  – `candle_db_writer` service calls go app.CandleGenerator.StartCandleDBWriter(ctx)\n  2. candles.go:217 – StartCandleGeneration() internally calls go cg.StartCandleDBWriter(ctx)\n\nThis causes non-deterministic batch splitting, incomplete OHLCV DB writes, and possible GORM CreateInBatches panic with empty batch.\n\nFIX: Delete the entire `candle_db_writer` serviceAdapter block from app.go (lines 130-137). The internal call inside StartCandleGeneration is the single correct launch point.\n\nAlso delete the commented-out stop func for candle_generator (lines 142-144) and wire it properly:\n  stop: func(ctx context.Context) error {\n      return app.CandleGenerator.Stop(ctx)\n  }","internal/app/app.go | internal/data/candles.go","","1","One-line fix but critical. Causes data corruption in candle DB."
"FIX-003","2","P0 Crash Fixes","P0","Critical","TODO","TickBus","Fix RedisTickBus.Publish nil panic on ctx.Value type assertion","PANIC. internal/marketdata/tickbus/redis.go line 31:\n  ProcessedAtNanos: ctx.Value(\"processed_at_nanos\").(int64)\n\nThis is an unchecked type assertion on a string-keyed context value. No caller (ticker.go uses context.Background(), simulator has no such value) ever injects this key. At runtime the assertion panics:\n  `interface conversion: interface {} is nil, not int64`\n\nFIX STEPS:\n1. Define a typed context key to prevent string collisions:\n   type ctxKey int\n   const processedAtNanosKey ctxKey = iota\n\n2. Replace the assertion with a safe fallback:\n   var nanos int64\n   if v, ok := ctx.Value(processedAtNanosKey).(int64); ok {\n       nanos = v\n   } else {\n       nanos = time.Now().UnixNano()\n   }\n\n3. Export ProcessedAtNanosKey so callers can inject it optionally.\n4. Update ticker.go to pass app ctx instead of context.Background().","internal/marketdata/tickbus/redis.go | internal/api/ticker.go","","2","Kills process on first tick in dual/redis TickBus mode."
"FIX-004","2","P0 Crash Fixes","P0","Critical","TODO","CandleEngine","Move OnFinalize callback outside engine global lock","THROUGHPUT BOTTLENECK + DEADLOCK RISK. CandleEngine.finalizeCandleLocked calls cfg.OnFinalize(candle) while holding e.mu.Lock(). OnFinalize (handleFinalizedCandle) then:\n  a) sends to candleDBFlushCh (non-blocking, OK)\n  b) sends to indicatorManagerInputCh (non-blocking, OK)\n  c) calls broadcastCandle() which calls candleWsClients.Range() with per-client channel sends\n\nThe entire WS broadcast runs under the engine lock. Under high-speed simulation with 9 intervals × N instruments, the engine is stalled for the broadcast duration on every candle finalization.\n\nFIX:\n1. In finalizeCandleLocked, copy the OpenCandle value to the stack (or take ownership of the pointer) then release e.mu before calling OnFinalize:\n   candleCopy := *candle  // copy while locked\n   e.mu.Unlock()\n   e.cfg.OnFinalize(&candleCopy)\n   e.mu.Lock()  // re-acquire if loop needs it\n\n2. Better approach: queue finalized candles to a dedicated `finalizeQueue chan *OpenCandle` and process callbacks in a separate goroutine. This fully decouples the engine tick loop from I/O.\n\n3. Ensure OpenCandle.mu is not held across the callback boundary.","internal/marketdata/candles/candle_engine.go | internal/data/candles.go","FIX-001","4","Resolves the main throughput bottleneck at high simulation speed."
"FIX-005","2","P0 Crash Fixes","P0","Critical","TODO","Zerodha","Pass application context into SubscribeToTicks and SimulateTicks","GOROUTINE LEAK. ticker.go line 115 uses context.Background() inside the OnTick callback. When the application shuts down and the app context is cancelled, the live ticker goroutine keeps publishing indefinitely. If the TickBus channel is full, it blocks forever.\n\nFIX FOR ticker.go:\n  - Add `ctx context.Context` as first param to SubscribeToTicks\n  - Capture ctx in the OnTick closure: tb.Publish(ctx, normalized)\n  - This allows Publish to respect context cancellation\n\nFIX FOR simulated_ticker.go:\n  - ctx is already passed correctly to SimulateTicks ✓\n  - But Publish is called with the same outer ctx — verify the inner `select { case <-ctx.Done() }` in Publish returns correctly\n\nFIX FOR reconnect goroutine (ticker.go:97-151):\n  - The reconnect goroutine has `for { time.Sleep(backoff); ... return }` — the `return` after 5s means it always exits the loop after one attempt, regardless of success. If the reconnect fails, no further retry happens.\n  - Rewrite: loop on success confirmation (check newTicker state), respect ctx.Done() in the wait loop, cap retry count.\n\nUPDATE app.go startRealFeed to pass ctx into SubscribeToTicks.","internal/api/ticker.go | internal/app/app.go","FIX-003","3","Also fixes goroutine accumulation during reconnect storms."
"FIX-006","2","P0 Crash Fixes","P0","High","TODO","Monitoring","Fix StartSystemMonitor goroutine leak — add context cancellation","GOROUTINE LEAK. internal/execution/monitor.go: StartSystemMonitor starts an inner goroutine with `go func() { for { ... time.Sleep(interval) } }()`. There is no context, no stop channel, no exit condition.\n\nAdditionally the function wraps itself in yet another goroutine internally (double goroutine nesting), making it impossible to track.\n\nFIX:\n1. Change signature: func StartSystemMonitor(ctx context.Context, interval time.Duration, alertFunc func(string))\n2. Replace time.Sleep with time.NewTicker + select:\n   ticker := time.NewTicker(interval)\n   defer ticker.Stop()\n   for {\n       select {\n       case <-ticker.C: // do stats\n       case <-ctx.Done(): return\n       }\n   }\n3. Remove the redundant inner goroutine — StartSystemMonitor itself should be called in a goroutine by the caller (app.go already does this)\n4. Update app.go serviceAdapter to pass ctx:\n   go monitor.StartSystemMonitor(ctx, 5*time.Second, alertFunc)","internal/execution/monitor.go | internal/app/app.go","","2","Low effort, high cleanliness. Goroutine count grows with each restart."
"FIX-007","2","P0 Crash Fixes","P0","High","TODO","WebSocket","Fix ServeHeatmap inner drain goroutine — no stop signal","GOROUTINE LEAK. internal/realtime/hub.go ServeHeatmap launches:\n  go func() {\n      for { if _, _, err := conn.ReadMessage(); err != nil { return } }\n  }()\n\nThis drain goroutine has no context, no stop signal. If the outer ServeHeatmap handler returns (e.g., ctx.Done() fires) but the connection is not yet closed, the drain goroutine blocks indefinitely on ReadMessage.\n\nFIX:\n  go func() {\n      for {\n          if _, _, err := conn.ReadMessage(); err != nil {\n              return\n          }\n          select {\n          case <-ctx.Done(): return\n          default:\n          }\n      }\n  }()\n\nAlso: ensure conn.Close() is called in the deferred cleanup and that heatmapClients.Delete(conn) runs even if the goroutine panics.","internal/realtime/hub.go","","1","Simple fix. Goroutines pile up on repeated connect/disconnect."
"CANDLE-006","3","Candle Correctness","P1","Critical","TODO","CandleEngine","Fix candle volume: use tick.Volume delta instead of LastTradedQuantity","WRONG VOLUME IN ALL 9 TIMEFRAMES. candle_engine.go lines 153 and 169:\n  Volume: float64(tick.LastTradedQuantity)  // open\n  candle.Volume += float64(tick.LastTradedQuantity)  // update\n\nLastTradedQuantity is the size of the last individual trade (e.g. 50 shares). Accumulating it inflates volume on duplicate ticks and is not the canonical candle volume metric.\n\nThe correct approach uses tick.Volume (cumulative day volume from exchange):\n  candleVolume[token] = tick.Volume - prevVolume[token]\n\nFIX STEPS:\n1. Add to CandleEngine struct:\n   lastVolume map[uint32]uint32  // token -> last known cumulative volume\n\n2. In ProcessTick, compute delta before updating candles:\n   delta := uint32(0)\n   if prev, ok := e.lastVolume[token]; ok && tick.Volume >= prev {\n       delta = tick.Volume - prev\n   } else {\n       delta = tick.LastTradedQuantity  // fallback for first tick or OI reset\n   }\n   e.lastVolume[token] = tick.Volume\n\n3. Replace all Volume references in the new-candle and update-candle paths with float64(delta).\n\n4. On market open (day rollover), reset lastVolume[token] = 0.\n\n5. Write unit test: feed 3 ticks with Volume=1000, 1500, 2200 → 1m candle volume should be 1200 (2200-1000).","internal/marketdata/candles/candle_engine.go | internal/marketdata/candles/open_candle.go","FIX-004","4","All 9 timeframe candle volumes are currently wrong. Affects all indicators using volume (OBV, VWAP, ATR)."
"CANDLE-007","3","Candle Correctness","P1","Critical","TODO","CandleEngine","Fix simulation-mode candle bucket alignment — use market-open-relative bucketing","WRONG BUCKET BOUNDARIES IN SIMULATION. getCandleStartTime in SimulationMode returns t.Truncate(interval) which truncates relative to Unix epoch (UTC). For a 5-minute candle at 11:03:47 IST, this produces the 11:00:00 UTC bucket instead of the 11:00:00 IST market-session-relative bucket.\n\nAdditionally, simulated EventTime is always time.Now() (wall clock). At 8x speed candles are generated in 1/8 real time, making bucket boundaries depend on when the test started, not on the simulated session.\n\nFIX:\n1. Remove the SimulationMode branch from getCandleStartTime that uses t.Truncate(interval). Instead, always use the market-open-relative bucketing logic (the live-mode path) regardless of SimulationMode.\n\n2. The SimulationMode flag should ONLY control:\n   a) Whether to skip the isMarketOpen check (ticks arrive at any wall time)\n   b) Whether to use tick.EventTime as-is (already done)\n   Not how buckets are computed.\n\n3. For the daily candle case in SimulationMode, anchor to the simulated market open of the tick's date rather than midnight UTC:\n   return time.Date(t.Year(), t.Month(), t.Day(), 9, 15, 0, 0, e.cfg.Timezone)\n\n4. Write a table-driven unit test verifying all 9 intervals produce correct buckets for ticks arriving at 9:15:00, 9:16:43, 10:00:01, 15:29:59, 15:30:00 in both live and simulation mode.","internal/marketdata/candles/candle_engine.go","CANDLE-006","3","Also fixes AUD-009 from audit. All simulation candle times are currently wrong."
"CANDLE-008","3","Candle Correctness","P1","High","TODO","CandleEngine","Add out-of-order and duplicate tick protection in CandleEngine.ProcessTick","NO LATE TICK HANDLING. If a tick arrives with EventTime before the current open candle's StartTime, the engine computes a bucket in the past, finds `!candle.StartTime.Equal(startTime)` = true, finalizes the current (live) candle, and opens a new candle in the past. This corrupts the candle series.\n\nFIX — Late tick detection:\n  if exists && startTime.Before(candle.StartTime) {\n      atomic.AddUint64(&e.lateTicksDropped, 1)\n      zap.L().Warn(\"Late tick dropped\",\n          zap.Uint32(\"token\", token),\n          zap.Time(\"tick_time\", tickTime),\n          zap.Time(\"candle_start\", candle.StartTime),\n          zap.Duration(\"latency\", candle.StartTime.Sub(tickTime)))\n      continue\n  }\n\nFIX — Duplicate tick detection:\n  Track lastTickTime per token+interval. If tick.EventTime == lastTickTime AND tick.LastPrice == candle.Close AND tick.LastTradedQuantity == lastQty, skip (heartbeat duplicate).\n\nFIX — isMarketOpen boundary (AUD-011):\n  Change line 177 from `marketTime.After(open)` to `!marketTime.Before(open)` so the exact 9:15:00 tick is accepted.\n\nAdd metrics: lateTicksDropped, duplicateTicksDropped uint64.","internal/marketdata/candles/candle_engine.go","CANDLE-007","4","Fixes AUD-011 and AUD-012 from audit. Required for correct backtesting."
"SEC-006","2","P0 Crash Fixes","P0","Critical","TODO","Security","Rotate all credentials committed to Git — Zerodha, Redis, JWT, encryption key","LIVE CREDENTIALS IN REPO. The following secrets are committed in .env and .access_token and must be treated as compromised:\n  1. ZERODHA_API_KEY=n19aa6q80bsefmmm\n  2. ZERODHA_API_SECRET=f7aqjn83wlhp01uaaw77qzui6qtii1tl\n  3. Redis Cloud URL with password (redis-15547.c240.us-east-1-3)\n  4. JWT_SECRET (32-byte hex in .env)\n  5. .access_token file contains a live bearer token\n  6. MARKETAUX_API_KEY and NEWS_API_KEY\n  7. DATA_ENCRYPTION_KEY is a placeholder string, not a secure key\n\nIMMEDIATE ACTIONS:\n  1. Revoke/regenerate Zerodha API credentials at kite.trade developer console\n  2. Rotate Redis Cloud password\n  3. Generate new JWT_SECRET: openssl rand -hex 32\n  4. Generate new AES-256 encryption key: openssl rand -base64 32\n  5. Run: git rm --cached .env .access_token\n  6. Verify .gitignore includes: .env, .access_token, *.key, secrets/\n  7. Use git-filter-repo or BFG to purge from history if repo is shared\n  8. Add pre-commit hook (gitleaks or trufflehog) to prevent future leaks\n\nLONGER TERM:\n  - Move all secrets to environment variables injected at runtime\n  - Never commit .env to any branch\n  - Use .env.example with placeholder values only",".env | .access_token | .gitignore","","2","P0. Do this before pushing any code. Treat all listed credentials as compromised."
"SEC-007","2","P0 Crash Fixes","P0","Critical","TODO","Security","Replace placeholder DATA_ENCRYPTION_KEY with properly generated AES-256 key","WEAK ENCRYPTION. .env line 50:\n  DATA_ENCRYPTION_KEY=\"a_very_strong_32_byte_key_for_encryption\"\n\nThis is not a cryptographically random key. It is 40 ASCII characters (not 32 bytes when base64-decoded as the Encryptor expects). NewEncryptor will reject it with ErrInvalidEncryptionKey.\n\nFIX:\n1. Generate a proper 32-byte random key:\n   openssl rand -base64 32\n   (produces 44-char base64 string that decodes to exactly 32 bytes)\n\n2. Set in .env (locally, never commit):\n   TRADINGBOT_ENCRYPTION_KEY=<output_from_above>\n\n3. Note: the env var name in code is TRADINGBOT_ENCRYPTION_KEY (security/encryption.go:EncryptionKeyEnv) but .env uses DATA_ENCRYPTION_KEY — fix the mismatch; update .env to use the canonical name TRADINGBOT_ENCRYPTION_KEY.\n\n4. Update .env.example with:\n   TRADINGBOT_ENCRYPTION_KEY=<generate_with_openssl_rand_-base64_32>",".env | internal/security/encryption.go","SEC-006","1","Encryption is non-functional until this is fixed."
"PERF-009","4","Performance Optimizations","P1","High","TODO","TickBus","Copy subscriber slice under RLock before iterate — fix lock contention","LOCK CONTENTION. InProcessTickBus.Publish holds mu.RLock() for the entire publish loop. Any concurrent Subscribe() call that needs mu.Lock() is blocked for the duration of all channel sends.\n\nUnder 10 instruments × 8x sim = 80 publishes/sec × 2 subscribers, the lock is held almost continuously, starving new subscribers.\n\nFIX:\n  func (b *InProcessTickBus) Publish(...) error {\n      b.mu.RLock()\n      subs := make([]chan NormalizedTick, len(b.subscribers))\n      copy(subs, b.subscribers)\n      b.mu.RUnlock()  // release before channel ops\n      for _, ch := range subs {\n          select {\n          case ch <- tick:\n          default: atomic.AddUint64(&b.droppedTicks, 1)\n          }\n      }\n      return nil\n  }","internal/marketdata/tickbus/inprocess.go","FIX-001","1","Depends on FIX-001. Do them together."
"PERF-010","4","Performance Optimizations","P1","High","TODO","Ingestor","Eliminate interface{} type switch in processTick safeDepthItem — use typed array directly","UNNECESSARY REFLECTION ON EVERY TICK. ingest.go safeDepthItem:\n  func safeDepthItem(depthArray interface{}, idx int) ...\n  switch d := depthArray.(type) { case [5]kitemodels.DepthItem: ... }\n\nThis allocates an interface{} and does a type switch on every depth level read (10 levels × N ticks per second). The Depth field is always a fixed `[5]kitemodels.DepthItem` array — the type switch is unnecessary.\n\nFIX:\n  Replace the helper function with direct indexed access:\n  bid1Price := tick.Depth.Buy[0].Price\n  bid1Qty   := uint32(tick.Depth.Buy[0].Quantity)\n  bid1Orders := uint32(tick.Depth.Buy[0].Orders)\n  // ... repeat for all 5 levels\n\n  The Depth arrays are guaranteed length 5 by kitemodels.Depth struct definition — no bounds check needed.\n\nAlso remove the redundant depth-empty warning log that fires on every ModeLTP tick (expected behavior, not a warning):\n  if buyDepth[0].Price == 0 && sellDepth[0].Price == 0 { zap.Warn(...) }\n  // Move to DEBUG or rate-limit to 1/min per symbol","internal/data/ingest.go","","2","High frequency path. Eliminates interface{} allocation on every tick."
"PERF-011","4","Performance Optimizations","P1","High","TODO","CandleEngine","Use sync.Pool for OpenCandle and indicators.Candle to reduce GC pressure","HIGH ALLOCATION RATE. handleFinalizedCandle (candles.go) allocates a new db.OHLCVCandle and indicators.Candle on every finalized candle. With 9 intervals × N instruments × frequent finalizations, this creates GC pressure.\n\nFIX:\n1. Add a package-level sync.Pool for db.OHLCVCandle in candles.go:\n   var ohlcvPool = sync.Pool{\n       New: func() interface{} { return &db.OHLCVCandle{} },\n   }\n\n2. In handleFinalizedCandle:\n   ohlcv := ohlcvPool.Get().(*db.OHLCVCandle)\n   *ohlcv = db.OHLCVCandle{...}  // assign fields\n   select { case cg.candleDBFlushCh <- *ohlcv: }\n   ohlcvPool.Put(ohlcv)\n\n3. Similar pool for indicators.Candle passed to indicatorManagerInputCh.\n\n4. Also: replace the anonymous broadcast struct in broadcastCandle with a named type to avoid per-call struct layout computation.","internal/data/candles.go","FIX-004","3","Reduces GC pauses during high-speed simulation and live trading."
"PERF-012","4","Performance Optimizations","P1","Medium","TODO","Logging","Rate-limit per-tick zap debug logs to prevent log I/O bottleneck","LOG I/O BOTTLENECK. ingest.go processTick calls zap.L().Debug() with zap.Float64 fields on every single tick. At 8x simulation with 10 instruments = 80 ticks/sec minimum, this generates 80 structured log allocations per second even at debug level.\n\ncandle_engine.go StartFinalizer also logs at WARN level inside the lock on every finalization event.\n\nFIX:\n1. In processTick, replace the per-tick debug log with a rate-limited log:\n   if atomic.AddUint64(&logCounter, 1) % 100 == 0 {\n       zap.L().Debug(\"Tick sample\", ...)\n   }\n\n2. Or use go.uber.org/zap/zapcore.NewSamplerWithOptions to sample 1-in-100 tick log entries globally.\n\n3. Move the depth-empty warning (fires on every LTP tick) to DEBUG with a 1-per-minute rate limit per symbol.\n\n4. The candle broadcast debug log (candles.go:broadcastCandle) should be removed — it fires on every finalization.","internal/data/ingest.go | internal/data/candles.go | internal/marketdata/candles/candle_engine.go","","2","Quick win. Log I/O is often the real bottleneck in trading systems."
"PERF-013","4","Performance Optimizations","P1","High","TODO","Ingestor","Fix tickSequenceCounters unbounded memory growth — replace time.Time key with epoch-second","MEMORY LEAK. ingest.go tickSequenceCounters:\n  map[uint]map[time.Time]int\n\nAt 8x simulation with 10 instruments: each unique time.Time becomes a map key. At 80 ticks/sec, 288,000 keys/hour accumulate before cleanup. Each time.Time = 24 bytes → ~7MB/hr, potentially 50MB+ in long sessions.\n\nThe cleanup interval is 1s with expiry 2s — but cleanup holds sequenceMux while iterating the entire map, blocking processTick.\n\nFIX:\n1. Change inner map key from time.Time to int64 (Unix second):\n   tickSequenceCounters map[uint]map[int64]int\n   key := tick.EventTime.Unix()  // granularity = 1 second\n\n2. This reduces unique keys to at most 1 per instrument per second, bounded to ~10 entries per instrument at any given time.\n\n3. Ensure cleanup uses the int64 key:\n   if now.Unix()-ts > int64(expiryDuration.Seconds()) { delete(...) }\n\n4. If sub-second sequence tracking is needed, use a ring buffer of fixed size (e.g., last 1000 ticks per instrument) instead.","internal/data/ingest.go","","2","Fixes memory leak. Cleanup lock contention also reduced."
"PERF-014","5","Performance Optimizations","P1","Medium","TODO","WebSocket","Replace sync.Map for wsClients with RWMutex + typed map for better Range performance","PERFORMANCE. sync.Map is optimized for keys that are written once and read many times, or for cases where keys are disjoint across goroutines. For wsClients (high write rate during connect/disconnect, high read rate during Range), a standard map with RWMutex is faster.\n\nFIX:\n1. Replace `wsClients *sync.Map` in MarketDataIngestor and CandleGenerator with:\n   wsClientsMu sync.RWMutex\n   wsClients   map[*websocket.Conn]chan []byte\n\n2. Update Register/Unregister to use mu.Lock() and the typed map.\n\n3. In the broadcast worker, take mu.RLock(), copy the map entries to a local slice, release RLock, then iterate the slice for sends. This avoids holding the lock during channel sends.\n\n4. Update Hub in realtime/hub.go to pass the new typed map or use a consistent wiring pattern.","internal/data/ingest.go | internal/data/candles.go | internal/data/indicators_manager.go | internal/realtime/hub.go","FIX-007","4","Reduces GC pressure from sync.Map internal dirty/read map churn."
"CLEAN-001","3","Candle Correctness","P1","Medium","TODO","Cleanup","Delete all empty stub packages and placeholder files — safe-to-remove list","DEAD CODE. The following files contain only package declarations or doc comments with zero implementation. They bloat the codebase and confuse contributors about what is implemented.\n\nSAFE TO DELETE:\n  internal/strategy/intraday.go     (empty: package strategy)\n  internal/strategy/scalping.go     (empty: package strategy)\n  internal/strategy/selector.go     (empty: package strategy)\n  internal/strategy/swing.go        (empty: package strategy)\n  internal/execution/order.go       (comment-only stub)\n  internal/backtest/doc.go          (doc comment only)\n  internal/events/doc.go            (unused package)\n  internal/jobs/doc.go              (unused package)\n  internal/notifications/doc.go     (no implementation)\n  internal/telemetry/doc.go         (no implementation)\n  internal/broker/doc.go            (no implementation)\n  internal/services/doc.go          (no implementation)\n  internal/settings/doc.go          (no implementation)\n  internal/data/preprocess.go       (4-line file, empty)\n  internal/model/trainer.go         (placeholder)\n  internal/model/inference.go       (struct only, no impl)\n  cmd/backtest/backtest.go          (stub main)\n  models/sentiment.onnx             (134-byte fake file)\n  models/sentiment_optimized.onnx   (134-byte fake file)\n\nSAFE TO DELETE — unreachable function:\n  nextCandleStart() in candle_engine.go — defined, never called\n\nAll handler doc.go stubs under internal/api/handlers/* can be kept as navigation markers but should have a TODO comment, not pretend the package is implemented.","internal/strategy/ | internal/execution/order.go | internal/backtest/ | internal/events/ | internal/jobs/ | internal/notifications/ | internal/telemetry/ | internal/broker/ | internal/services/ | internal/settings/ | internal/data/preprocess.go | internal/model/trainer.go | internal/model/inference.go | cmd/backtest/backtest.go | models/ | internal/marketdata/candles/candle_engine.go","","2","Run `go build ./...` after each deletion to catch any unexpected compile errors."
"CLEAN-002","3","Candle Correctness","P1","Medium","TODO","Database","Fix brittle GORM error string comparison — use errors.Is(gorm.ErrRecordNotFound)","BRITTLE ERROR CHECK. app.go startRealFeed:\n  if res.Error.Error() == \"record not found\" { ... }\n\nThis string comparison breaks if GORM changes its error message. The idiomatic check is:\n  errors.Is(res.Error, gorm.ErrRecordNotFound)\n\nFIX:\n1. Replace all `res.Error.Error() == \"record not found\"` occurrences throughout the codebase with `errors.Is(res.Error, gorm.ErrRecordNotFound)`\n\n2. Also find and replace any similar string-based GORM error checks.\n\n3. Add `gorm.io/gorm` to imports where needed.\n\nRun: grep -rn '\"record not found\"' internal/ to find all occurrences.","internal/app/app.go","","1","Quick fix. Low effort, prevents silent bugs on GORM version upgrades."
"FO-001","5","F&O Foundation","P2","High","TODO","F&O","F&O instrument universe: load and store NFO/BFO instruments from Kite API","FOUNDATION. Zerodha provides NFO (NSE F&O) and BFO (BSE F&O) instruments via the instruments CSV. Currently only NSE equities are loaded.\n\nIMPLEMENTATION:\n1. Extend internal/api/instruments.go to download and parse the Kite instruments CSV for exchanges: NSE, BSE, NFO, BFO, MCX.\n\n2. Add the following fields to db.Instrument (extend migration 000003):\n   expiry           DATE\n   strike           DECIMAL(18,4)\n   option_type      VARCHAR(2)   -- 'CE', 'PE', '' for futures/equity\n   lot_size         INTEGER      -- already exists but ensure NOT NULL\n   underlying_token INTEGER      -- FK to parent equity instrument\n   segment          VARCHAR(20)  -- 'NFO-OPT', 'NFO-FUT', 'BFO-OPT', etc\n\n3. Create migration 000018_add_fo_instrument_fields.up.sql\n\n4. Create function BuildFOChain(underlyingSymbol string, expiry time.Time) []*InstrumentInfo in a new file internal/api/fo_instruments.go that returns all strikes for a given expiry (calls, puts, futures).\n\n5. Add FO instruments to symbols.yaml under a new `fo_instruments` key with fields: underlying, expiry_offset (nearest/next/far), option_types (CE/PE/both), strike_range (ATM±10).\n\n6. Extend startRealFeed in app.go to subscribe to FO instruments in addition to equity symbols.","internal/api/instruments.go | internal/api/fo_instruments.go | internal/db/models.go | internal/db/migrations/ | configs/symbols.yaml | internal/app/app.go","FIX-005","10","All other F&O tickets depend on this foundation."
"FO-002","5","F&O Foundation","P2","High","TODO","F&O","Implement Black-Scholes Greeks engine: Delta, Gamma, Theta, Vega, IV","Create internal/fo/greeks/greeks.go with a pure-Go Black-Scholes implementation for options Greeks calculation.\n\nREQUIRED FUNCTIONS:\n  // IV from market price (Newton-Raphson, max 100 iterations)\n  func ImpliedVolatility(S, K, T, r, marketPrice float64, optType string) (float64, error)\n\n  // Greeks given IV\n  type Greeks struct {\n      Delta float64\n      Gamma float64\n      Theta float64  // per calendar day\n      Vega  float64  // per 1% IV move\n      Rho   float64\n      IV    float64\n  }\n  func Calculate(S, K, T, r, sigma float64, optType string) Greeks\n\nPARAMETERS:\n  S = underlying spot price\n  K = strike price\n  T = time to expiry in years (use actual/365)\n  r = risk-free rate (use 6.5% for NSE/INR)\n  sigma = IV (annualized)\n  optType = \"CE\" or \"PE\"\n\nVALIDATION:\n  - Test against known BS prices for NIFTY options\n  - ATM Delta should be ≈ 0.5\n  - Deep ITM Delta CE ≈ 1.0, Deep OTM ≈ 0.0\n  - Theta should be negative\n  - Unit tests: TestGreeksATM, TestGreeksDeepITM, TestGreeksNearExpiry\n\nAlso create a Greeks cache:\n  internal/fo/greeks/cache.go — LRU cache keyed by (token, price, T) with 500ms TTL to avoid recomputing for unchanged inputs.","internal/fo/greeks/greeks.go | internal/fo/greeks/greeks_test.go | internal/fo/greeks/cache.go","FO-001","10","Core F&O math. Needed for all options strategies and risk management."
"FO-003","5","F&O Foundation","P2","High","TODO","F&O","Create option chain DB schema and in-memory option chain store","Create the data structures for tracking live option chain state.\n\nDB MIGRATION (000019_create_option_chain_tables.up.sql):\n  CREATE TABLE option_chain_snapshots (\n      id                BIGSERIAL PRIMARY KEY,\n      underlying_token  INTEGER NOT NULL,\n      expiry            DATE NOT NULL,\n      strike            DECIMAL(10,2) NOT NULL,\n      option_type       VARCHAR(2) NOT NULL,  -- CE/PE\n      instrument_token  INTEGER NOT NULL,\n      timestamp         TIMESTAMPTZ NOT NULL,\n      ltp               DECIMAL(10,4) NOT NULL,\n      bid               DECIMAL(10,4),\n      ask               DECIMAL(10,4),\n      volume            BIGINT,\n      oi                BIGINT,\n      iv                DECIMAL(8,6),\n      delta             DECIMAL(8,6),\n      gamma             DECIMAL(8,6),\n      theta             DECIMAL(8,6),\n      vega              DECIMAL(8,6)\n  );\n  SELECT create_hypertable('option_chain_snapshots','timestamp');\n\nIN-MEMORY STORE (internal/fo/chain/store.go):\n  type OptionChainStore struct {\n      mu      sync.RWMutex\n      chains  map[uint32]*OptionChain  // underlying token -> chain\n  }\n  type OptionChain struct {\n      Underlying   uint32\n      Expiry       time.Time\n      Strikes      map[float64]*StrikeData\n  }\n  type StrikeData struct {\n      CE, PE *OptionQuote\n      Future *FutureQuote\n  }\n\nOptionChainStore.UpdateFromTick(tick NormalizedTick, greeks fo.Greeks)\nOptionChainStore.GetChain(token uint32) *OptionChain\nOptionChainStore.GetATMStrikes(token uint32, n int) []float64  // n strikes around ATM","internal/fo/chain/store.go | internal/fo/chain/types.go | internal/db/migrations/000019_create_option_chain_tables.up.sql | internal/db/migrations/000019_create_option_chain_tables.down.sql","FO-002","8","Required for option chain visualization and strategy execution."
"FO-004","6","F&O Analytics","P2","High","TODO","F&O","Implement Open Interest tracking, OI change, and PCR analytics","Open Interest is the primary market-sentiment metric in Indian F&O markets.\n\nIMPLEMENTATION (internal/fo/analytics/oi.go):\n\n  type OISnapshot struct {\n      InstrumentToken uint32\n      Timestamp       time.Time\n      OI              uint32\n      OIChange        int32   // vs previous snapshot\n      OIChangePct     float64\n  }\n\n  type PCRData struct {\n      Strike    float64\n      Expiry    time.Time\n      CallOI    uint32\n      PutOI     uint32\n      PCR       float64   // PutOI / CallOI\n  }\n\n  func ComputePCR(chain *OptionChain) []PCRData\n  func MaxPainStrike(chain *OptionChain) float64\n  // Max Pain: strike where total option buyer loss is maximum\n\nPERSISTENCE:\n  - Extend option_chain_snapshots to store OI history\n  - Create oi_analytics TimescaleDB table for PCR time series\n\nTRIGGERS:\n  - Update OI on every tick where OpenInterest field changes\n  - Compute PCR every 60 seconds and store to DB\n  - Broadcast PCR update via WebSocket topic `fo/chain/{underlying}`\n\nNOTE: NormalizedTick already has OpenInterest uint32 field — use it.","internal/fo/analytics/oi.go | internal/fo/analytics/oi_test.go | internal/fo/chain/store.go","FO-003","8","PCR and Max Pain are used by most Indian options traders. Include in paper trade signals."
"FO-005","6","F&O Analytics","P2","High","TODO","F&O","Implement option chain REST and WebSocket endpoints","REST ENDPOINTS:\n\n  GET /api/v1/fo/chain/{underlying}?expiry=2025-06-26\n  Response: full option chain with strikes, CE/PE LTP, IV, Greeks, OI\n\n  GET /api/v1/fo/chain/{underlying}/expiries\n  Response: list of available expiry dates\n\n  GET /api/v1/fo/analytics/pcr/{underlying}?expiry=2025-06-26\n  Response: PCR per strike, overall PCR, Max Pain strike\n\n  GET /api/v1/fo/greeks/{token}\n  Response: real-time Greeks for a specific option instrument\n\nWEBSOCKET TOPIC:\n  ws/v1/fo/chain/{underlying}  — push option chain updates every 1s\n  ws/v1/fo/oi/{underlying}     — push OI changes on every tick\n\nIMPLEMENTATION:\n  - Create internal/api/handlers/fo/ directory\n  - Add handler file: chain_handler.go, greeks_handler.go, pcr_handler.go\n  - Register routes in internal/httpapi/routes.go\n  - Add auth middleware (JWT required)\n  - Rate limit: 10 req/s per user on option chain endpoint (expensive)","internal/api/handlers/fo/chain_handler.go | internal/api/handlers/fo/greeks_handler.go | internal/api/handlers/fo/pcr_handler.go | internal/httpapi/routes.go","FO-004","8","Frontend uses these for the option chain table visualization."
"FO-006","6","F&O Analytics","P2","Medium","TODO","F&O","Implement futures basis, calendar spread, and roll yield tracking","For NIFTY/BANKNIFTY futures, basis = Futures LTP - Spot LTP. Tracking basis reveals market premium/discount and roll costs.\n\nIMPLEMENTATION (internal/fo/analytics/futures.go):\n\n  type FuturesBasis struct {\n      Underlying   uint32\n      NearFuture   uint32  // nearest expiry token\n      FarFuture    uint32  // next expiry token\n      Spot         float64\n      NearPrice    float64\n      FarPrice     float64\n      Basis        float64  // NearFuture - Spot\n      CalendarSpread float64 // FarFuture - NearFuture\n      AnnualizedBasis float64 // basis / spot / T * 365\n      Timestamp    time.Time\n  }\n\n  func ComputeBasis(spot, future float64, daysToExpiry int) FuturesBasis\n\nPERSISTENCE:\n  - Create futures_basis table in TimescaleDB\n  - Store every minute during market hours\n\nREST ENDPOINT:\n  GET /api/v1/fo/futures/basis/{underlying}\n\nUse case in strategy: if basis > 2σ annualized, sell futures / buy spot.","internal/fo/analytics/futures.go | internal/fo/analytics/futures_test.go | internal/api/handlers/fo/futures_handler.go","FO-003","5","Key metric for cash-futures arbitrage and pairs strategies."
"FO-007","7","F&O Paper Trading","P2","Critical","TODO","F&O","Implement paper trading order engine for F&O — buy/sell CE/PE/FUT with P&L tracking","CORE CAPABILITY. The paper trading engine simulates order execution against live market prices without sending real orders to the broker.\n\nCREATE internal/paper/engine.go:\n\n  type PaperEngine struct {\n      mu         sync.RWMutex\n      positions  map[uint32]*PaperPosition  // token -> position\n      orders     []*PaperOrder\n      cash       float64                    // starting capital\n      tickStore  *fo.OptionChainStore       // for live price lookup\n      db         *db.DBClient\n  }\n\n  type PaperPosition struct {\n      InstrumentToken uint32\n      Symbol          string\n      Qty             int       // negative = short\n      LotSize         int\n      AvgPrice        float64\n      CMP             float64   // current market price\n      UnrealizedPnL   float64\n      RealizedPnL     float64\n      OptionType      string    // CE/PE/FUT/EQ\n      Expiry          time.Time\n      Strike          float64\n      Delta           float64   // live Greek\n  }\n\n  type PaperOrder struct {\n      OrderID         string    // UUID\n      InstrumentToken uint32\n      OrderType       string    // MARKET/LIMIT/SL\n      TransactionType string    // BUY/SELL\n      Qty             int\n      Price           float64   // for LIMIT orders\n      FilledPrice     float64\n      FilledAt        time.Time\n      Status          string    // PENDING/FILLED/CANCELLED/REJECTED\n      Slippage        float64   // simulated slippage\n  }\n\nORDER EXECUTION LOGIC:\n  - MARKET orders: fill at CMP + slippage (configurable, default 0.05%)\n  - LIMIT orders: fill when CMP crosses limit price\n  - SL orders: trigger when CMP crosses SL price, then fill as market\n  - Check position limits and daily loss limit before accepting order\n  - On fill: update position, debit/credit cash, persist to orders table\n\nMETHODS:\n  PlaceOrder(order PaperOrder) (string, error)\n  CancelOrder(orderID string) error\n  GetPositions() []PaperPosition\n  GetOrders() []PaperOrder\n  GetPnL() PnLSummary\n  UpdatePrices(tick NormalizedTick)  // called on every tick\n\nDB PERSISTENCE:\n  - Reuse existing orders and positions tables\n  - Add `is_paper` boolean column to both tables (migration 000020)\n  - Persist every fill and position update","internal/paper/engine.go | internal/paper/engine_test.go | internal/paper/types.go | internal/db/migrations/000020_add_paper_trade_flag.up.sql","FO-003 | FO-002","16","This is the core engine. All F&O paper trading strategies depend on this."
"FO-008","7","F&O Paper Trading","P2","High","TODO","F&O","Implement F&O margin and P&L calculation for paper trades","F&O margin requirements differ significantly from equity.\n\nMARGIN CALCULATION (internal/paper/margin.go):\n\n  type MarginRequirement struct {\n      SPAN        float64  // SPAN margin (worst-case scenario)\n      Exposure    float64  // Exchange exposure margin\n      Total       float64  // SPAN + Exposure\n      Available   float64  // cash - Total\n  }\n\n  // Simplified SPAN (actual SPAN is complex; use NSE margin calculator as reference)\n  func EstimateSPAN(position PaperPosition, vix float64) float64 {\n      // For futures: lot_size * CMP * margin_pct (≈10-15% for index futures)\n      // For long options: just the premium paid (defined risk)\n      // For short options: SPAN = lot_size * CMP * vix_based_multiplier\n  }\n\nP&L CALCULATION:\n  - Unrealized P&L: (CMP - AvgPrice) * Qty * LotSize\n  - For short options: (AvgPrice - CMP) * Qty * LotSize\n  - MTM P&L: end-of-day settlement at exchange closing price\n  - Include brokerage simulation: ₹20 per order (Zerodha flat fee) + STT + SEBI charges + stamp duty\n\n  type TradeCharges struct {\n      Brokerage   float64  // ₹20 flat\n      STT         float64  // 0.01% sell-side for options\n      SEBI        float64  // ₹10/crore\n      StampDuty   float64  // 0.003% buy-side\n      Total       float64\n  }\n  func ComputeCharges(orderValue float64, txType string) TradeCharges\n\nREST ENDPOINT:\n  GET /api/v1/paper/margin — current margin utilization\n  GET /api/v1/paper/pnl   — P&L summary with charges breakdown","internal/paper/margin.go | internal/paper/margin_test.go | internal/paper/charges.go | internal/api/handlers/paper/pnl_handler.go","FO-007","8","Margin simulation must be realistic enough to catch under-capitalization."
"FO-009","7","F&O Paper Trading","P2","High","TODO","F&O","Implement paper trading REST API — orders, positions, P&L endpoints","REST ENDPOINTS for paper trading (all require JWT auth):\n\n  POST   /api/v1/paper/orders\n         Body: { instrument_token, transaction_type, order_type, qty, price }\n         Returns: { order_id, status }\n\n  GET    /api/v1/paper/orders\n         Returns: list of all paper orders for the authenticated user\n\n  DELETE /api/v1/paper/orders/{order_id}\n         Cancel a pending paper order\n\n  GET    /api/v1/paper/positions\n         Returns: all open paper positions with live P&L, Greeks\n\n  POST   /api/v1/paper/positions/{token}/close\n         Square off a position at market price\n\n  GET    /api/v1/paper/pnl\n         Returns: { total_pnl, realized_pnl, unrealized_pnl, charges, net_pnl }\n\n  POST   /api/v1/paper/reset\n         Reset paper account to initial capital (admin only)\n\nIMPLEMENTATION:\n  - Create internal/api/handlers/paper/orders_handler.go\n  - Create internal/api/handlers/paper/positions_handler.go\n  - Register routes under /api/v1/paper/ prefix in httpapi/routes.go\n  - Inject PaperEngine via httpapi/deps.go\n  - Add PaperEngine field to HTTPDeps struct\n  - All endpoints: require auth middleware\n  - POST /paper/orders: validate qty is a multiple of lot_size\n  - Rate limit: 5 req/s per user on POST /paper/orders","internal/api/handlers/paper/orders_handler.go | internal/api/handlers/paper/positions_handler.go | internal/httpapi/routes.go | internal/httpapi/deps.go","FO-007 | FO-008","8","Enables frontend to display paper trading positions and send orders."
"FO-010","8","F&O Strategies","P2","High","TODO","F&O","Implement F&O strategy library: covered call, protective put, straddle, strangle, bull/bear spread, iron condor","Create internal/fo/strategies/ with predefined multi-leg option strategies.\n\nEach strategy implements:\n  type FOStrategy interface {\n      Name() string\n      BuildLegs(chain *OptionChain, params StrategyParams) ([]StrategyLeg, error)\n      MaxProfit() float64\n      MaxLoss() float64\n      Breakeven() []float64\n      NetPremium() float64  // credit received or debit paid\n      NetDelta() float64\n  }\n\n  type StrategyLeg struct {\n      InstrumentToken uint32\n      Strike          float64\n      OptionType      string  // CE/PE\n      Action          string  // BUY/SELL\n      Qty             int     // in lots\n      Premium         float64\n  }\n\nSTRATEGIES TO IMPLEMENT:\n  1. CoveredCall     — Long stock + Short OTM CE\n  2. ProtectivePut   — Long stock + Long OTM PE\n  3. BullCallSpread  — Buy CE at strike A + Sell CE at strike B (B>A)\n  4. BearPutSpread   — Buy PE at strike A + Sell PE at strike B (A>B)\n  5. Straddle        — Buy CE + PE at same ATM strike\n  6. Strangle        — Buy OTM CE + OTM PE at different strikes\n  7. IronCondor      — Sell OTM CE + Buy farther OTM CE + Sell OTM PE + Buy farther OTM PE\n  8. BullPutSpread   — Sell higher PE + Buy lower PE (credit spread)\n\nENTRY CRITERIA (configurable per strategy):\n  - IV rank threshold (e.g., IronCondor when IV Rank > 50%)\n  - Days-to-expiry range (e.g., 7-21 DTE)\n  - Delta target (e.g., 0.16 delta short strikes)\n\nREST ENDPOINT:\n  GET  /api/v1/fo/strategies/builder?underlying=NIFTY&strategy=iron_condor&expiry=2025-06-26\n  POST /api/v1/fo/strategies/execute  — execute the strategy legs as paper trades","internal/fo/strategies/covered_call.go | internal/fo/strategies/straddle.go | internal/fo/strategies/iron_condor.go | internal/fo/strategies/spreads.go | internal/fo/strategies/interface.go | internal/fo/strategies/types.go | internal/api/handlers/fo/strategy_handler.go","FO-007 | FO-002","16","Iron condor and straddle are the most commonly used NSE F&O strategies."
"FO-011","8","F&O Analytics","P2","High","TODO","F&O","Implement IV Rank and IV Percentile for options strategy selection","IV Rank and IV Percentile are the most important filters for options strategy selection. High IV = sell premium. Low IV = buy premium.\n\n  IV Rank     = (current IV - 52-week low IV) / (52-week high IV - 52-week low IV) * 100\n  IV Percentile = % of days in past 252 trading days where IV was below current IV\n\nIMPLEMENTATION (internal/fo/analytics/iv.go):\n\n  type IVStats struct {\n      CurrentIV    float64\n      IVRank       float64  // 0-100\n      IVPercentile float64  // 0-100\n      HighIV52W    float64\n      LowIV52W     float64\n      Timestamp    time.Time\n  }\n\n  func ComputeIVRank(token uint32, currentIV float64, db *db.DBClient) (IVStats, error)\n\nDB QUERY:\n  SELECT MAX(iv) as high_iv, MIN(iv) as low_iv,\n         PERCENTILE_CONT(0.5) WITHIN GROUP (ORDER BY iv) as median_iv\n  FROM option_chain_snapshots\n  WHERE instrument_token = ? AND timestamp > NOW() - INTERVAL '252 days'\n\nPERSISTENCE:\n  - Store IV Rank in a new iv_stats table every 5 minutes\n  - TimescaleDB continuous aggregate on option_chain_snapshots\n\nREST ENDPOINT:\n  GET /api/v1/fo/iv/rank/{underlying}   — current IV Rank + Percentile\n  GET /api/v1/fo/iv/history/{underlying} — IV history chart data","internal/fo/analytics/iv.go | internal/fo/analytics/iv_test.go | internal/api/handlers/fo/iv_handler.go","FO-003","6","Critical for strategy selection. Iron Condor: IV Rank > 50. Straddle: IV Rank < 30."
"FO-012","8","F&O Analytics","P2","Medium","TODO","F&O","Broadcast real-time Greeks updates via WebSocket for subscribed option instruments","Traders need live Greeks updates for their open positions as the underlying price and time changes.\n\nARCHITECTURE:\n  1. Create internal/fo/chain/broadcaster.go\n  2. GreeksBroadcaster subscribes to TickBus\n  3. On each tick for an option instrument:\n     a. Fetch Greeks from cache or recompute\n     b. Update OptionChainStore\n     c. Broadcast to subscribers via WebSocket topic\n\nWEBSOCKET MESSAGE FORMAT:\n  {\n    \"type\": \"greeks_update\",\n    \"token\": 12345,\n    \"symbol\": \"NIFTY25JUN24000CE\",\n    \"ltp\": 123.45,\n    \"iv\": 0.1823,\n    \"delta\": 0.4521,\n    \"gamma\": 0.0023,\n    \"theta\": -12.34,\n    \"vega\": 45.67,\n    \"oi\": 123000,\n    \"timestamp\": \"...\"\n  }\n\nINTEGRATION:\n  - Add GreeksBroadcaster to App struct and RuntimeManager\n  - Hub.ServeGreeks(w, r) WebSocket handler\n  - Register ws/v1/fo/greeks route in routes.go\n  - Client subscribes per-token: send JSON {\"subscribe\":[12345,67890]}\n  - Rate limit broadcast: max 1 update per token per 500ms","internal/fo/chain/broadcaster.go | internal/realtime/hub.go | internal/httpapi/routes.go","FO-002 | FO-003","8","Frontend options chain table needs this for live Greeks display."
"FO-013","5","F&O Foundation","P2","High","TODO","F&O","Subscribe to NIFTY/BANKNIFTY spot indices for Greeks computation","Black-Scholes Greeks require the underlying spot price. NIFTY and BANKNIFTY indices are not directly subscribable as individual instruments in Kite Websocket — they come through as index instruments.\n\nIMPLEMENTATION:\n1. Add NIFTY 50 index (token: 256265) and NIFTY BANK (token: 260105) to the subscription list in both live and simulation modes.\n\n2. Create internal/fo/spotstore.go:\n   type SpotStore struct {\n       mu     sync.RWMutex\n       prices map[uint32]float64  // index token -> spot price\n   }\n   func (s *SpotStore) UpdateFromTick(tick NormalizedTick)\n   func (s *SpotStore) GetSpot(underlyingToken uint32) (float64, bool)\n\n3. SpotStore subscribes to TickBus (separate subscription)\n\n4. GreeksEngine uses SpotStore.GetSpot() to get S for BS calculation\n\n5. In simulation mode: derive spot from a simulated index that aggregates the component prices or use a synthetic random walk anchored to a base NIFTY level (e.g., 23000) with ±2% daily range.\n\n6. Add NIFTY50 and BANKNIFTY tokens to configs/symbols.yaml under a new `index_tokens` section.","internal/fo/spotstore.go | configs/symbols.yaml | internal/app/app.go","FO-001","4","Without spot price, Greeks cannot be computed for any option."
"FO-014","8","F&O Paper Trading","P2","Medium","TODO","F&O","WebSocket feed for paper trade position updates and fill notifications","Real-time WebSocket stream for paper trade events.\n\nEVENTS TO BROADCAST:\n  1. order_filled — when a paper order gets filled\n  2. position_update — live P&L change on every tick\n  3. margin_update — margin utilization change\n  4. order_rejected — when order fails validation\n\nMESSAGE FORMAT:\n  {\n    \"type\": \"paper_order_filled\",\n    \"order_id\": \"uuid\",\n    \"symbol\": \"NIFTY25JUN24000CE\",\n    \"qty\": 50,\n    \"filled_price\": 123.45,\n    \"pnl\": -500.25\n  }\n\nIMPLEMENTATION:\n  1. Add event channel to PaperEngine: eventCh chan PaperEvent\n  2. PaperEngine.emitEvent() sends to eventCh on every fill/update\n  3. PaperBroadcaster goroutine reads eventCh and dispatches to authenticated WS clients subscribed to ws/v1/paper/feed\n  4. Hub.ServePaperFeed() WebSocket handler with JWT auth\n  5. Register ws/v1/paper/feed in routes.go\n\nSecurity: only broadcast events for the authenticated user's paper account","internal/paper/engine.go | internal/paper/broadcaster.go | internal/realtime/hub.go | internal/httpapi/routes.go","FO-009 | FO-012","6","Required for frontend to show order fills in real-time."
"FO-015","7","F&O Paper Trading","P2","High","TODO","F&O","Generate synthetic option prices in simulation mode using Black-Scholes","In simulation mode, real Kite tick data is not available. Options prices need to be generated synthetically from the simulated underlying price.\n\nIMPLEMENTATION (extend simulated_ticker.go):\n\n1. For each simulated underlying tick, compute synthetic option prices for all subscribed strikes using Black-Scholes:\n   optionPrice = BSPrice(S=currentPrice, K=strike, T=daysToExpiry/365, r=0.065, sigma=simulatedIV)\n\n2. simulatedIV = baseIV + randomWalk (mean-reverting, default baseIV=0.15)\n   - IV mean-reverts to 0.15 with speed 0.5\n   - Add stochastic noise: dIV = kappa*(theta-IV)*dt + sigma_v*dW\n\n3. Publish synthetic option ticks to TickBus alongside underlying ticks\n\n4. Configuration in symbols.yaml:\n   fo_simulation:\n     enabled: true\n     base_iv: 0.15\n     iv_vol: 0.02  # volatility of volatility\n     risk_free_rate: 0.065\n     strikes_per_side: 10  # ATM ± 10 strikes\n     expiry_offsets: [7, 14, 28]  # days to expiry for simulated contracts\n\n5. The underlying SimulatedZerodhaClient should also simulate the index price (for NIFTY) as a random walk anchored to 23000 base.","internal/api/simulated_ticker.go | configs/symbols.yaml | internal/fo/greeks/greeks.go","FO-002 | FO-013","10","Without this, paper trading F&O in simulation mode has no option prices to trade."
"FO-016","9","F&O Advanced","P3","Medium","TODO","F&O","Implement expiry handling, settlement, and automatic rollover for paper F&O positions","On expiry day (last Thursday of the month for NIFTY/BANKNIFTY monthly, every Thursday for weekly):\n\nSETTLEMENT LOGIC (internal/paper/expiry.go):\n  1. At 15:30 on expiry day:\n     - Long ITM options: settled at intrinsic value\n     - Long OTM options: expire worthless (position closed at ₹0)\n     - Short options: reverse settlement — profit/loss crystallized\n     - Futures: MTM settlement at final settlement price\n\n  2. Auto-rollover (optional, configurable per strategy):\n     - If rollover=true and position is open futures/options, close near-expiry and open equivalent next-expiry position\n     - Account for roll cost (basis)\n\n  3. Create scheduled job: ExpirySettlementJob runs at 15:31 on expiry days, triggered by a market calendar check\n\nMARKET CALENDAR (internal/fo/calendar.go):\n  - NSE F&O expiry: last Thursday of month (monthly)\n  - NSE weekly expiry: every Thursday\n  - Handle bank holidays (use NSE holiday list from Kite API)\n  - func IsExpiryDay(t time.Time) bool\n  - func NextExpiryDate(from time.Time) time.Time\n  - func DaysToExpiry(expiry time.Time) int","internal/paper/expiry.go | internal/fo/calendar.go | internal/fo/calendar_test.go","FO-007","8","Without expiry handling, short options never expire and P&L is wrong."
"SAFE-001","3","Candle Correctness","P1","Critical","TODO","Safety","Implement Global Kill Switch — atomic flag + HTTP endpoint to halt all trading","TRADING SAFETY. A Global Kill Switch is mandatory before any paper or live trading. It must be able to halt all order activity instantly.\n\nIMPLEMENTATION (internal/safety/killswitch.go):\n\n  var globalKillSwitch int32  // 0=active, 1=halted; atomic\n\n  func IsHalted() bool {\n      return atomic.LoadInt32(&globalKillSwitch) == 1\n  }\n  func Halt(reason string) {\n      atomic.StoreInt32(&globalKillSwitch, 1)\n      zap.L().Error(\"GLOBAL KILL SWITCH ACTIVATED\", zap.String(\"reason\", reason))\n      // persist halt event to audit log\n  }\n  func Resume() {\n      atomic.StoreInt32(&globalKillSwitch, 0)\n      zap.L().Warn(\"Kill switch deactivated\")\n  }\n\nHTTP ENDPOINTS (admin only, require special auth header):\n  POST /api/v1/admin/kill  {\"reason\": \"manual halt\"}\n  POST /api/v1/admin/resume\n  GET  /api/v1/admin/status  — returns kill switch state\n\nINTEGRATION:\n  - PaperEngine.PlaceOrder() checks IsHalted() before accepting\n  - Execution engine (future) checks IsHalted() before sending to broker\n  - Add kill switch check to CandleGenerator tick processing loop\n\nAUTO-TRIGGERS (future ticket):\n  - Activate kill switch when DailyLossLimit is breached\n  - Activate on repeated DB write failures (> 100 in 60s)","internal/safety/killswitch.go | internal/safety/killswitch_test.go | internal/api/handlers/admin/killswitch_handler.go | internal/httpapi/routes.go","","4","AUD-025 exists but is not implemented. This replaces it with concrete code."
"SAFE-002","3","Candle Correctness","P1","Critical","TODO","Safety","Implement Daily Loss Limit circuit breaker for paper and live trading","Daily Loss Limit (DLL) halts all new orders when cumulative day P&L exceeds the configured loss threshold.\n\nIMPLEMENTATION (internal/safety/daily_loss.go):\n\n  type DailyLossLimiter struct {\n      mu           sync.RWMutex\n      maxLoss      float64       // from config, e.g. -5000\n      currentPnL   float64       // updated on every fill\n      breached     bool\n      breachedAt   time.Time\n  }\n\n  func (d *DailyLossLimiter) RecordPnL(pnl float64) {\n      d.mu.Lock(); defer d.mu.Unlock()\n      d.currentPnL += pnl\n      if d.currentPnL <= d.maxLoss && !d.breached {\n          d.breached = true\n          d.breachedAt = time.Now()\n          safety.Halt(\"daily_loss_limit_breached\")\n          zap.L().Error(\"DAILY LOSS LIMIT BREACHED\",\n              zap.Float64(\"current_pnl\", d.currentPnL),\n              zap.Float64(\"limit\", d.maxLoss))\n      }\n  }\n  func (d *DailyLossLimiter) IsBreached() bool\n  func (d *DailyLossLimiter) Reset()  // call at market open each day\n\nCONFIGURATION (app.yaml):\n  safety:\n    daily_loss_limit: -5000    # ₹ — negative value\n    max_position_value: 500000 # ₹ total open position value\n    max_order_value: 100000    # ₹ per single order\n\nINTEGRATION:\n  - PaperEngine.PlaceOrder() → DailyLossLimiter.IsBreached() check\n  - PaperEngine fills call RecordPnL on every realized P&L change\n  - DLL resets at market open (09:15) via a scheduled goroutine\n\nREST ENDPOINT:\n  GET /api/v1/admin/risk/pnl — current day P&L vs limit","internal/safety/daily_loss.go | internal/safety/daily_loss_test.go | configs/app.yaml | internal/paper/engine.go","SAFE-001","5","UNI-532 exists but is not implemented. This provides the concrete implementation."
"SAFE-003","4","Performance Optimizations","P1","High","TODO","Safety","Implement order idempotency key to prevent duplicate order execution","ORDER SAFETY. Without idempotency keys, a retry after a timeout can result in duplicate orders. For paper trading this inflates positions; for live trading it causes double-buys.\n\nIMPLEMENTATION:\n\n1. Every order submission (paper or live) generates a UUID idempotency key:\n   orderID := uuid.New().String()\n\n2. Before executing PlaceOrder, check if orderID already exists in DB:\n   var existing db.Order\n   result := db.Where(\"idempotency_key = ?\", orderID).First(&existing)\n   if result.Error == nil { return existing.OrderID, nil }  // already placed\n\n3. Store idempotency key in orders table (add column via migration 000021)\n\n4. Idempotency window: 24 hours (clean up older keys nightly)\n\n5. HTTP clients must send idempotency key in request header:\n   X-Idempotency-Key: <uuid>\n   If not provided, server generates one.\n\nMIGRATION 000021:\n  ALTER TABLE orders ADD COLUMN idempotency_key VARCHAR(36);\n  CREATE UNIQUE INDEX idx_orders_idempotency_key ON orders(idempotency_key) WHERE idempotency_key IS NOT NULL;\n\nAlso add to paper_orders table.","internal/paper/engine.go | internal/db/models.go | internal/db/migrations/000021_add_order_idempotency.up.sql | internal/api/handlers/paper/orders_handler.go","FO-007","4","UNI-533 exists but is not implemented. Required before any live order execution."
"INFRA-001","4","Performance Optimizations","P1","Medium","TODO","Infrastructure","Gate Redis initialization behind tick_bus config — skip Redis when using inprocess mode","UNNECESSARY DEPENDENCY. app.go always initializes Redis regardless of tick_bus setting. When tick_bus=inprocess (the default), Redis must be running even though it is not used for tick transport.\n\nFIX:\n1. In app.New(), wrap Redis init in a condition:\n   if appCfg.Market.TickBus != \"inprocess\" || needsRedisForOtherFeatures {\n       redisClient, err = cache.NewRedisClient(redisCfg)\n   }\n\n2. Define needsRedisForOtherFeatures as: Redis-backed session cache, rate limiting, or feature flags are enabled.\n\n3. Make RedisClient optional in HTTPDeps:\n   RedisClient *cache.RedisClient  // nil if not initialized\n\n4. Add nil guard in Hub and anywhere else RedisClient is used:\n   if app.Redis != nil { ... }\n\n5. Update docker-compose.yaml to make redis service optional (add `profiles: [redis]`).","internal/app/app.go | internal/httpapi/deps.go | configs/docker-compose.yaml","","3","Reduces dependencies for local development. Users without Redis can run in pure inprocess mode."
"TEST-009","4","Performance Optimizations","P1","High","TODO","Testing","Write comprehensive unit tests for CandleEngine correctness — all 9 intervals","There are no tests for CandleEngine correctness. After CANDLE-006, 007, 008 are fixed, we need tests to prove correctness and prevent regression.\n\nTEST FILE: internal/marketdata/candles/candle_engine_test.go\n\nTEST CASES:\n\nTestBucketAlignment\n  - Feed tick at 09:15:00 → assert StartTime == 09:15:00, EndTime == 09:16:00 (1m)\n  - Feed tick at 09:15:59 → same bucket\n  - Feed tick at 09:16:00 → new bucket\n  - Repeat for 5s, 15s, 30s, 1m, 5m, 15m, 30m, 1h\n\nTestVolumeAccumulation\n  - Feed 3 ticks: Volume=1000, Volume=1500, Volume=2200 → candle volume = 1200 (delta-based)\n\nTestLateTickDropped\n  - Open candle at 09:15. Feed tick with EventTime=09:14:59 → dropped\n  - Assert candle unchanged, lateTicksDropped counter = 1\n\nTestFinalizeByWatermark\n  - Open candle at T=0. Advance wall clock to T+interval+grace+1ms → finalized\n\nTestSimulationModeAlignment\n  - In simulation mode, feed tick at 09:17:43 → 5m bucket starts 09:15:00\n\nTestMarketOpenBoundary\n  - Tick at exactly 09:15:00.000 → accepted (not dropped)\n  - Tick at 09:14:59.999 → dropped in live mode\n\nTestFinalizeAll\n  - Open 3 candles. Call FinalizeAll. Assert OnFinalize called 3 times.","internal/marketdata/candles/candle_engine_test.go","CANDLE-006 | CANDLE-007 | CANDLE-008","8","Property-based testing with known tick sequences is the gold standard here."
"TEST-010","4","Performance Optimizations","P1","High","TODO","Testing","Write TickBus stress test — verify no blocking at 1000 ticks/sec with 5 subscribers","TEST FILE: internal/marketdata/tickbus/tickbus_bench_test.go\n\nBenchmarkPublishThroughput\n  - Create InProcessTickBus with 5 subscribers\n  - Each subscriber runs a goroutine that reads and discards\n  - Publisher goroutine sends 10,000 ticks as fast as possible\n  - Assert: zero goroutine leaks after test, droppedTicks counter reflects any overflows, total duration < 1s for 10k ticks\n\nTestPublishDoesNotBlockOnSlowSubscriber\n  - Create bus with 2 subscribers: one fast, one that sleeps 100ms per tick\n  - Publish 100 ticks\n  - Assert: fast subscriber gets all 100 ticks within 200ms total\n  - Assert: slow subscriber drops ticks (non-zero droppedTicks)\n  - Assert: publisher goroutine completes within 1s total (not blocked)\n\nTestSubscribeAfterPublish\n  - Publish 50 ticks. Subscribe new consumer. Publish 50 more ticks.\n  - New consumer should receive exactly 50 (no backfill).\n\nTestCloseReleasesSubscribers\n  - Subscribe 3 consumers. Close bus. Assert all subscriber channels closed.","internal/marketdata/tickbus/tickbus_bench_test.go","FIX-001 | PERF-009","5","Run with: go test -bench=. -benchtime=10s -race ./internal/marketdata/tickbus/"
"TEST-011","6","F&O Analytics","P2","High","TODO","Testing","Write Black-Scholes Greeks unit tests with known reference values","TEST FILE: internal/fo/greeks/greeks_test.go\n\nReference values computed independently (Python scipy.stats):\n\nTestATMCallGreeks\n  S=18000, K=18000, T=30/365, r=0.065, sigma=0.15\n  Expected: Delta≈0.506, Gamma≈0.000156, Theta≈-2.89/day, Vega≈21.4\n\nTestDeepITMCall\n  S=18000, K=15000, T=30/365, r=0.065, sigma=0.15\n  Expected: Delta≈0.998, Theta≈-0.05, IV should be recoverable\n\nTestIVRecovery\n  Given known BS price → ComputeIV → re-compute price → assert price within 0.001%\n\nTestPutCallParity\n  C - P = S * exp(-q*T) - K * exp(-r*T)  (with q=0 for indices)\n  Assert holds within 0.01% for any (S, K, T, r, sigma) inputs\n\nTestNearExpiryTheta\n  T=1/365 (1 day to expiry): Theta should be very large magnitude\n\nTestZeroExpiryPanic\n  T=0: function should return error or intrinsic value, not panic","internal/fo/greeks/greeks_test.go","FO-002","4","Greeks correctness is critical for risk management. These tests are non-negotiable."
"TEST-012","8","F&O Strategies","P2","High","TODO","Testing","Write integration tests for paper trading engine — full order lifecycle","TEST FILE: internal/paper/engine_test.go\n\nTestMarketOrderFill\n  - Create engine with ₹100,000 capital\n  - Place BUY MARKET order: 1 lot NIFTY 18000 CE at ₹150\n  - Feed tick at ₹150\n  - Assert: order FILLED at ₹150, position created, cash debited correctly\n\nTestLimitOrderFill\n  - Place BUY LIMIT at ₹145. Feed ticks at 152, 148, 144\n  - Assert: order fills when price crosses 145, not before\n\nTestKillSwitchBlocksOrders\n  - Activate kill switch. Attempt to place order.\n  - Assert: order rejected with KILL_SWITCH_ACTIVE error\n\nTestDailyLossLimitBreached\n  - Place short option that immediately loses ₹6000 (limit=-₹5000)\n  - Assert: kill switch activated, subsequent orders rejected\n\nTestPositionSquareOff\n  - Open long position. Call SquareOff. Assert position closed, P&L computed.\n\nTestExpirySettlement\n  - Open ITM long call (strike 17000, S=18000). Set expiry to today.\n  - Trigger settlement. Assert position closed at intrinsic value (₹1000 × lot)","internal/paper/engine_test.go","FO-007 | SAFE-001 | SAFE-002","8","These tests form the acceptance criteria for paper trading launch."